{
  "epochs": 1000,
  "latent_dim": 8,
  "hidden_dim": 128,
  "depth": 2,
  "final_g_loss": 0.6944107413291931,
  "final_d_loss": 1.3916828632354736
}